Workbook

Sheet START HERE
A1: EEE4022S | Laboratory Data Logger
A2: 26 October 2026 • Rev0 as-built • Enter only actual observations in blue-field sheets; formulas derive output metrics.
A4: Step | B4: Activity | C4: Expected evidence | D4: Gate / instruction
A5: 1 | B5: Stationary geometry & windings | C5: Gap, runout, resistance and temperature | D5: Do not rotate unless mechanical assembly inspected and approved
A6: 2 | B6: Open-circuit generator tests | C6: Actual rpm, frequency, RMS AB/BC/CA, CSV | D6: Motor disconnected from inverter; safe differential probing
A7: 3 | B7: Controller / driver commissioning | C7: PWM, shutdown, current feedback, encoder | D7: Keep DC link unpowered until specific interfaces and protections verified
A8: 4 | B8: Powered motor runs (conditional) | C8: Current, bus power, torque, shaft speed | D8: Only after safety commissioning and appropriate torque measurement
A9: 5 | B9: Review and export | C9: Raw files, uncertainties, comparisons | D9: Blank cells = not measured; never replace with predictions
A10: Legend | B10: Blue-tinted input columns | C10: Enter measured values and test identifiers | D10: Grey/green outputs are derived from formulas

Sheet Geometry
A1: 1 | Physical Geometry & Winding Checks
A2: Measure minimum magnet-face–PCB distance at several positions; record runout and uncertainties.
A4: Date/time | B4: Rotor angle (deg) | C4: Gap (mm) | D4: Gauge uncertainty (mm) | E4: Runout / note | F4: Operator | H4: Metric | I4: Value
A5: TODAY | B5: 0 | C5: 4 | H5: Min gap (mm) | I5: =IF(COUNT(C5:C12)=0,"",MIN(C5:C12)) -> 4
B6: 45 | C6: 4 | H6: Max gap (mm) | I6: =IF(COUNT(C5:C12)=0,"",MAX(C5:C12)) -> 4
B7: 90 | C7: 4 | H7: Mean gap (mm) | I7: =IF(COUNT(C5:C12)=0,"",AVERAGE(C5:C12)) -> 4
B8: 135 | C8: 4
B9: 180 | C9: 4
B10: 225 | C10: 4
B11: 270 | C11: 4
B12: 315 | C12: 4

Sheet Windings
A1: 2 | Static Electrical Measurements
A2: Star connection: line-line resistance generally spans two phases; record exact terminals and lead-compensation method.
A4: Measurement | B4: Terminals | C4: Reading | D4: Unit | E4: Frequency (Hz) | F4: Ambient °C | G4: Lead offset / method | H4: Instrument | I4: Notes
A5: Line resistance | B5: AB | C5: 3.83 | D5: ohm
A6: Line resistance | B6: BC | C6: 3.81 | D6: ohm
A7: Line resistance | B7: CA | C7: 3.83 | D7: ohm
A8: Phase resistance | B8: A–star | C8: 1.93 | D8: ohm
A9: Phase resistance | B9: B–star | C9: 1.91 | D9: ohm
A10: Phase resistance | B10: C–star | C10: 1.91 | D10: ohm
A11: Inductance | B11: AB | D11: uH | E11: 1000
A12: Inductance | B12: BC | D12: uH | E12: 1000
A13: Inductance | B13: CA | D13: uH | E13: 1000
A14: Single board R | B14: A | C14: 0.46 | D14: ohm
B15: A | C15: 36.0867 | D15: uH | E15: phase inductances
B16: B | C16: 35.9419 | D16: uH
B17: C | C17: 36.0562 | D17: uH

Sheet Back EMF
A1: 3 | Open-Circuit Back-EMF
A2: Blue fields: measured speed, voltage, frequency and waveform ID. Prediction is Case C at 4 mm; no assumed observations.
A4: Test ID | B4: Cmd rpm | C4: Pair | D4: Repeat | E4: Actual rpm | F4: V LL RMS (mV) | G4: Freq measured (Hz) | H4: Freq expected (Hz) | I4: Case C prediction @cmd (mV) | J4: Prediction @actual (mV) | K4: Deviation (%) | L4: K inferred (mN m/A) | M4: CSV filename | N4: Notes
A5: BE50_AB_01 | B5: 50 | C5: AB | D5: 1 | H5: =IF(E5="","",E5*8/60) | I5: 48.4 | J5: =IF(E5="","",E5*0.969) | K5: =IF(OR(F5="",J5=""),"",100*(F5-J5)/J5) | L5: =IF(OR(F5="",E5=""),"",F5*SQRT(2/3)/(2*PI()*E5/60))
A6: BE50_AB_02 | B6: 50 | C6: AB | D6: 2 | H6: =IF(E6="","",E6*8/60) | I6: 48.4 | J6: =IF(E6="","",E6*0.969) | K6: =IF(OR(F6="",J6=""),"",100*(F6-J6)/J6) | L6: =IF(OR(F6="",E6=""),"",F6*SQRT(2/3)/(2*PI()*E6/60))
A7: BE50_AB_03 | B7: 50 | C7: AB | D7: 3 | H7: =IF(E7="","",E7*8/60) | I7: 48.4 | J7: =IF(E7="","",E7*0.969) | K7: =IF(OR(F7="",J7=""),"",100*(F7-J7)/J7) | L7: =IF(OR(F7="",E7=""),"",F7*SQRT(2/3)/(2*PI()*E7/60))
A8: BE50_BC_01 | B8: 50 | C8: BC | D8: 1 | H8: =IF(E8="","",E8*8/60) | I8: 48.4 | J8: =IF(E8="","",E8*0.969) | K8: =IF(OR(F8="",J8=""),"",100*(F8-J8)/J8) | L8: =IF(OR(F8="",E8=""),"",F8*SQRT(2/3)/(2*PI()*E8/60))
A9: BE50_BC_02 | B9: 50 | C9: BC | D9: 2 | H9: =IF(E9="","",E9*8/60) | I9: 48.4 | J9: =IF(E9="","",E9*0.969) | K9: =IF(OR(F9="",J9=""),"",100*(F9-J9)/J9) | L9: =IF(OR(F9="",E9=""),"",F9*SQRT(2/3)/(2*PI()*E9/60))
A10: BE50_BC_03 | B10: 50 | C10: BC | D10: 3 | H10: =IF(E10="","",E10*8/60) | I10: 48.4 | J10: =IF(E10="","",E10*0.969) | K10: =IF(OR(F10="",J10=""),"",100*(F10-J10)/J10) | L10: =IF(OR(F10="",E10=""),"",F10*SQRT(2/3)/(2*PI()*E10/60))
A11: BE50_CA_01 | B11: 50 | C11: CA | D11: 1 | H11: =IF(E11="","",E11*8/60) | I11: 48.4 | J11: =IF(E11="","",E11*0.969) | K11: =IF(OR(F11="",J11=""),"",100*(F11-J11)/J11) | L11: =IF(OR(F11="",E11=""),"",F11*SQRT(2/3)/(2*PI()*E11/60))
A12: BE50_CA_02 | B12: 50 | C12: CA | D12: 2 | H12: =IF(E12="","",E12*8/60) | I12: 48.4 | J12: =IF(E12="","",E12*0.969) | K12: =IF(OR(F12="",J12=""),"",100*(F12-J12)/J12) | L12: =IF(OR(F12="",E12=""),"",F12*SQRT(2/3)/(2*PI()*E12/60))
A13: BE50_CA_03 | B13: 50 | C13: CA | D13: 3 | H13: =IF(E13="","",E13*8/60) | I13: 48.4 | J13: =IF(E13="","",E13*0.969) | K13: =IF(OR(F13="",J13=""),"",100*(F13-J13)/J13) | L13: =IF(OR(F13="",E13=""),"",F13*SQRT(2/3)/(2*PI()*E13/60))
A14: BE100_AB_01 | B14: 100 | C14: AB | D14: 1 | H14: =IF(E14="","",E14*8/60) | I14: 96.9 | J14: =IF(E14="","",E14*0.969) | K14: =IF(OR(F14="",J14=""),"",100*(F14-J14)/J14) | L14: =IF(OR(F14="",E14=""),"",F14*SQRT(2/3)/(2*PI()*E14/60))
A15: BE100_AB_02 | B15: 100 | C15: AB | D15: 2 | H15: =IF(E15="","",E15*8/60) | I15: 96.9 | J15: =IF(E15="","",E15*0.969) | K15: =IF(OR(F15="",J15=""),"",100*(F15-J15)/J15) | L15: =IF(OR(F15="",E15=""),"",F15*SQRT(2/3)/(2*PI()*E15/60))
A16: BE100_AB_03 | B16: 100 | C16: AB | D16: 3 | H16: =IF(E16="","",E16*8/60) | I16: 96.9 | J16: =IF(E16="","",E16*0.969) | K16: =IF(OR(F16="",J16=""),"",100*(F16-J16)/J16) | L16: =IF(OR(F16="",E16=""),"",F16*SQRT(2/3)/(2*PI()*E16/60))
... A31: BE150_CA_03 | B31: 150 | C31: CA | D31: 3 | H31: =IF(E31="","",E31*8/60) | I31: 145.3 | J31: =IF(E31="","",E31*0.969) | K31: =IF(OR(F31="",J31=""),"",100*(F31-J31)/J31) | L31: =IF(OR(F31="",E31=""),"",F31*SQRT(2/3)/(2*PI()*E31/60))

Sheet Commissioning
A1: 4 | Drive-Interface Commissioning Log
A2: Gate-driver work requires verified pinout, current sensing, independent fault shutdown and mechanical approval before energising the motor.
A4: Check ID | B4: Subsystem | C4: Evidence / test | D4: Status | E4: Measured value | F4: Instrument / file | G4: Owner | H4: Safety note
A5: C01 | B5: Mechanics | C5: Rotor stable, guard and retention approved | D5: Not checked | H5: No rotation without approval
A6: C02 | B6: DC-link | C6: Verified voltage range, discharge and polarity | D6: Not checked | H6: Check de-energised capacitors
A7: C03 | B7: Aux supply | C7: Correct voltage, isolation and current demand | D7: Not checked | H7: 15 V label not PWM input
A8: C04 | B8: PWM | C8: All six outputs, polarity, dead time, disabled state | D8: Not checked | H8: STM32 only first
A9: C05 | B9: Gate inputs | C9: GDC-7A6S1 pin map and 3.3V compatibility | D9: Not checked | H9: Do not infer from another board
A10: C06 | B10: Protection | C10: Hardware shutdown / emergency stop validated | D10: Not checked | H10: Bench supply limit is insufficient
A11: C07 | B11: Phase current | C11: ADC scaling, bias, polarity and calibration | D11: Not checked | H11: Low current accuracy essential
A12: C08 | B12: Encoder | C12: Eight pole pairs, angle, direction, alignment | D12: Not checked | H12: No open-loop forced startup on unsafe rig
A13: C09 | B13: Power stage | C13: Approved dummy-load low-energy commissioning | D13: Not checked | H13: Motor disconnected
A14: C10 | B14: Motor | C14: Formal approval for controlled powered test | D14: Not checked | H14: Required before data-taking

Sheet Motor Runs
A1: 5 | Loaded / No-Load Motor Test Log
A2: Use only after full commissioning. Torque must be within the verified useful sensor range. P_DC is average bus power; system efficiency includes inverter.
A4: Test ID | B4: Mode | C4: Target rpm | D4: Actual rpm | E4: Iq peak (A) | F4: I phase RMS (A) | G4: V DC (V) | H4: I DC mean (A) | I4: P DC measured (W) | J4: Torque shaft (mN m) | K4: P shaft (W) | L4: Efficiency (%) | M4: P DC est (W) | N4: Stator temp °C | O4: Ambient °C | P4: Load description | Q4: Instrument / raw file | R4: Valid? | S4: Notes
A5: M001 | K5: =IF(OR(D5="",J5=""),"",J5/1000*2*PI()*D5/60) | L5: =IF(OR(K5="",I5="",I5<=0),"",100*K5/I5) | M5: =IF(OR(G5="",H5=""),"",G5*H5)
A6: M002 | K6: =IF(OR(D6="",J6=""),"",J6/1000*2*PI()*D6/60) | L6: =IF(OR(K6="",I6="",I6<=0),"",100*K6/I6) | M6: =IF(OR(G6="",H6=""),"",G6*H6)
A7: M003 | K7: =IF(OR(D7="",J7=""),"",J7/1000*2*PI()*D7/60) | L7: =IF(OR(K7="",I7="",I7<=0),"",100*K7/I7) | M7: =IF(OR(G7="",H7=""),"",G7*H7)
A8: M004 | K8: =IF(OR(D8="",J8=""),"",J8/1000*2*PI()*D8/60) | L8: =IF(OR(K8="",I8="",I8<=0),"",100*K8/I8) | M8: =IF(OR(G8="",H8=""),"",G8*H8)
A9: M005 | K9: =IF(OR(D9="",J9=""),"",J9/1000*2*PI()*D9/60) | L9: =IF(OR(K9="",I9="",I9<=0),"",100*K9/I9) | M9: =IF(OR(G9="",H9=""),"",G9*H9)
A10: M006 | K10: =IF(OR(D10="",J10=""),"",J10/1000*2*PI()*D10/60) | L10: =IF(OR(K10="",I10="",I10<=0),"",100*K10/I10) | M10: =IF(OR(G10="",H10=""),"",G10*H10)
A11: M007 | K11: =IF(OR(D11="",J11=""),"",J11/1000*2*PI()*D11/60) | L11: =IF(OR(K11="",I11="",I11<=0),"",100*K11/I11) | M11: =IF(OR(G11="",H11=""),"",G11*H11)
A12: M008 | K12: =IF(OR(D12="",J12=""),"",J12/1000*2*PI()*D12/60) | L12: =IF(OR(K12="",I12="",I12<=0),"",100*K12/I12) | M12: =IF(OR(G12="",H12=""),"",G12*H12)
A13: M009 | K13: =IF(OR(D13="",J13=""),"",J13/1000*2*PI()*D13/60) | L13: =IF(OR(K13="",I13="",I13<=0),"",100*K13/I13) | M13: =IF(OR(G13="",H13=""),"",G13*H13)
A14: M010 | K14: =IF(OR(D14="",J14=""),"",J14/1000*2*PI()*D14/60) | L14: =IF(OR(K14="",I14="",I14<=0),"",100*K14/I14) | M14: =IF(OR(G14="",H14=""),"",G14*H14)
A15: M011 | K15: =IF(OR(D15="",J15=""),"",J15/1000*2*PI()*D15/60) | L15: =IF(OR(K15="",I15="",I15<=0),"",100*K15/I15) | M15: =IF(OR(G15="",H15=""),"",G15*H15)
A16: M012 | K16: =IF(OR(D16="",J16=""),"",J16/1000*2*PI()*D16/60) | L16: =IF(OR(K16="",I16="",I16<=0),"",100*K16/I16) | M16: =IF(OR(G16="",H16=""),"",G16*H16)
... A34: M030 | K34: =IF(OR(D34="",J34=""),"",J34/1000*2*PI()*D34/60) | L34: =IF(OR(K34="",I34="",I34<=0),"",100*K34/I34) | M34: =IF(OR(G34="",H34=""),"",G34*H34)

Sheet Summary
A1: 6 | Session Summary
A2: Calculated summaries reflect recorded data only. Predicted values must not be entered as measurements.
A4: Metric | B4: Calculated / recorded | C4: Meaning | D4: Notes
A5: Recorded back-EMF rows | B5: =COUNT('Back EMF'!F5:F31) -> 0 | C5: Number of rows with measured RMS and shaft speed | D5: 3 phase pairs × 3 proposed speeds × 3 repetitions
A6: Mean K inferred (mN m/A) | B6: =IF(COUNT('Back EMF'!L5:L31)=0,"",AVERAGE('Back EMF'!L5:L31)) | C6: Simple mean from individual valid numerical entries | D6: Interpret only with instrument uncertainty and actual gap
A7: Completed motor runs | B7: =COUNT('Motor Runs'!K5:K34) -> 0 | C7: Number of motor points with rpm and torque | D7: Not proof that torque sensor is adequately ranged
A8: Maximum recorded shaft power (W) | B8: =IF(COUNT('Motor Runs'!K5:K34)=0,"",MAX('Motor Runs'!K5:K34)) | C8: From recorded torque and speed | D8: Only if measured torque is credible
A9: Average available system efficiency (%) | B9: =IF(COUNT('Motor Runs'!L5:L34)=0,"",AVERAGE('Motor Runs'!L5:L34)) | C9: From measured DC input power and shaft power | D9: Excludes rows without both measurements
A10: Nominal reference K (mN m/A) | B10: 18.534 | C10: Simulation: 1 mm nominal Rev0 | D10: Not a measured value
A11: As-built Case C K (mN m/A) | B11: 7.554 | C11: Simulation: 4 mm as-built Rev0 | D11: Model-derived, sheet-current corrected
A12: As-built predicted ELL at 100 rpm (mV) | B12: 96.9 | C12: Simulation | D12: Model-derived
